"		지점번호",지점명,date,avg_temp,max_temp,"	최고기온시각",min_temp,최저기온시각일교차,
"		108",서울,1946-04-02,11,11.8,3:50,9.4,18:10,2.4
"		108",서울,1946-04-03,13.6,15.8,14:45,9.7,0:02,6.1
"		108",서울,1946-04-04,13.5,19.5,15:45,9.2,8:01,10.3
"		108",서울,1946-04-05,12.4,15,16:57,8.6,24:00:00,6.4
"		108",서울,1946-04-06,7,10.3,15:28,4.3,24:00:00,6
"		108",서울,1946-04-07,6.2,13.4,14:10,0.2,7:00,13.2
"		108",서울,1946-04-08,6.9,13.8,14:08,0.8,6:14,13
"		108",서울,1947-04-02,3.5,6.2,12:00,1.7,24:00:00,4.5
"		108",서울,1947-04-03,5.9,11,14:45,-0.7,6:17,11.7
"		108",서울,1947-04-04,4,8.6,15:57,0.6,4:59,8
"		108",서울,1947-04-05,5.3,11.1,16:03,-1,6:00,12.1
"		108",서울,1947-04-06,9.5,17.2,16:00,2.7,5:50,14.5
"		108",서울,1947-04-07,10.1,14.2,15:45,5.3,6:00,8.9
"		108",서울,1947-04-08,9,11.5,16:00,5,0:00,6.5
"		108",서울,1948-04-02,11.9,14.4,14:55,10.4,6:29,4
"		108",서울,1948-04-03,12.8,20.6,13:31,8.2,24:00:00,12.4
"		108",서울,1948-04-04,12.3,21.8,15:57,5.1,6:30,16.7
"		108",서울,1948-04-05,13.8,21.7,14:08,7.5,7:00,14.2
"		108",서울,1948-04-06,13.2,21.4,13:47,6.3,6:15,15.1
"		108",서울,1948-04-07,14,21.3,15:40,8,6:35,13.3
"		108",서울,1948-04-08,16.2,23.5,14:32,11,5:00,12.5
"		108",서울,1949-04-02,10.6,18.6,15:05,5.1,6:45,13.5
"		108",서울,1949-04-03,6.3,9.5,16:35,3.3,10:15,6.2
"		108",서울,1949-04-04,7,12.5,15:05,1.6,7:30,10.9
"		108",서울,1949-04-05,4.4,7.5,10:10,1.6,12:25,5.9
"		108",서울,1949-04-06,4.2,9.1,15:40,0.8,6:45,8.3
"		108",서울,1949-04-07,5.9,11.1,14:07,1.4,6:30,9.7
"		108",서울,1949-04-08,8.6,16.2,15:25,1.7,6:55,14.5
"		108",서울,1950-04-02,11.4,19.2,12:20,5.5,6:45,13.7
"		108",서울,1950-04-03,11,16.3,14:25,7.7,6:20,8.6
"		108",서울,1950-04-04,12,21.6,15:07,5.2,7:26,16.4
"		108",서울,1950-04-05,7.7,10.7,0:00,5.5,24:00:00,5.2
"		108",서울,1950-04-06,5.4,9.8,12:20,3.3,5:00,6.5
"		108",서울,1950-04-07,5.2,10.2,16:37,2.5,4:45,7.7
"		108",서울,1950-04-08,6.2,11.8,16:13,1.1,6:15,10.7
"		108",서울,1952-04-02,,,,,,
"		108",서울,1952-04-03,,,,,,
"		108",서울,1952-04-04,,,,,,
"		108",서울,1952-04-05,,,,,,
"		108",서울,1952-04-06,,,,,,
"		108",서울,1952-04-07,,,,,,
"		108",서울,1952-04-08,,,,,,
"		108",서울,1953-04-02,,,,,,
"		108",서울,1953-04-03,,,,,,
"		108",서울,1953-04-04,,,,,,
"		108",서울,1953-04-05,,,,,,
"		108",서울,1953-04-06,,,,,,
"		108",서울,1953-04-07,,,,,,
"		108",서울,1953-04-08,,,,,,
"		108",서울,1954-04-02,11.3,19.5,13:54,5.5,6:17,14
"		108",서울,1954-04-03,11.6,19.9,16:00,5.6,4:50,14.3
"		108",서울,1954-04-04,13.9,22.3,15:14,7.4,5:44,14.9
"		108",서울,1954-04-05,15.4,22.4,15:30,11.6,24:00:00,10.8
"		108",서울,1954-04-06,13.6,21.6,14:31,7.6,5:43,14
"		108",서울,1954-04-07,8,11.8,10:08,6.1,22:31,5.7
"		108",서울,1954-04-08,9.5,15.7,14:33,5.4,5:57,10.3
"		108",서울,1955-04-02,7.2,13.9,14:16,2.9,6:35,11
"		108",서울,1955-04-03,5.3,11.1,13:26,0.7,24:00:00,10.4
"		108",서울,1955-04-04,3.1,9,15:09,-2.5,6:00,11.5
"		108",서울,1955-04-05,7.7,14.8,15:36,1.1,5:30,13.7
"		108",서울,1955-04-06,12.3,17.9,13:27,6.7,4:21,11.2
"		108",서울,1955-04-07,16.5,21.2,13:28,10.2,2:38,11
"		108",서울,1955-04-08,15.7,22.2,13:05,9.8,18:55,12.4
"		108",서울,1956-04-02,3.4,5.5,15:31,1.4,7:32,4.1
"		108",서울,1956-04-03,4.9,8.8,15:31,2.4,4:25,6.4
"		108",서울,1956-04-04,5.6,11.3,14:25,2.2,5:38,9.1
"		108",서울,1956-04-05,7.4,13.3,15:12,2.3,6:12,11
"		108",서울,1956-04-06,6.8,10.4,15:00,2.9,6:00,7.5
"		108",서울,1956-04-07,6.4,9.5,11:06,4.8,24:00:00,4.7
"		108",서울,1956-04-08,7.3,11.1,16:33,4.8,0:01,6.3
"		108",서울,1957-04-02,3,8.6,14:15,-2,5:00,10.6
"		108",서울,1957-04-03,3.5,10.6,15:01,-1.8,5:54,12.4
"		108",서울,1957-04-04,5.9,13,14:47,-0.8,6:01,13.8
"		108",서울,1957-04-05,8.7,15,15:24,3.5,5:59,11.5
"		108",서울,1957-04-06,9.8,17.7,12:26,2.1,5:50,15.6
"		108",서울,1957-04-07,11.8,20.5,12:31,4.4,6:21,16.1
"		108",서울,1957-04-08,13.5,22.2,12:54,5.6,6:15,16.6
"		108",서울,1958-04-02,8.3,15.3,14:28,1.4,6:06,13.9
"		108",서울,1958-04-03,12.6,21,14:59,4.4,6:15,16.6
"		108",서울,1958-04-04,12.8,20.2,13:32,7,5:10,13.2
"		108",서울,1958-04-05,14.3,22.3,13:16,5.7,4:45,16.6
"		108",서울,1958-04-06,13.9,19.1,14:12,7.9,24:00:00,11.2
"		108",서울,1958-04-07,8.9,14.1,14:02,4.4,5:25,9.7
"		108",서울,1958-04-08,7,9.9,11:32,5.1,24:00:00,4.8
"		108",서울,1959-04-02,9.9,17.8,14:01,3.3,6:30,14.5
"		108",서울,1959-04-03,10.7,15.1,11:29,6,4:48,9.1
"		108",서울,1959-04-04,9.4,13.6,4:47,6.5,23:56,7.1
"		108",서울,1959-04-05,7.4,11.3,16:34,5.3,0:00,6
"		108",서울,1959-04-06,8.1,14.3,13:00,3.3,4:05,11
"		108",서울,1959-04-07,8.9,14.8,15:06,3.1,5:43,11.7
"		108",서울,1959-04-08,10.8,19.2,13:04,4.4,5:33,14.8
"		108",서울,1960-04-02,4.4,10.4,,-0.9,,11.3
"		108",서울,1960-04-03,6.9,12.9,,0.2,,12.7
"		108",서울,1960-04-04,6.9,12.2,,3.2,,9
"		108",서울,1960-04-05,5.3,10.6,,0.6,,10
"		108",서울,1960-04-06,8.5,15.8,,3.2,,12.6
"		108",서울,1960-04-07,4.8,10.8,,-0.4,,11.2
"		108",서울,1960-04-08,7.3,15,,0.2,,14.8
"		108",서울,1961-04-02,8.7,15.8,15:40,1.8,5:49,14
"		108",서울,1961-04-03,14.6,19.6,14:45,6.4,1:30,13.2
"		108",서울,1961-04-04,13.4,17.8,2:26,7.4,21:25,10.4
"		108",서울,1961-04-05,8,11.8,16:26,4.4,6:40,7.4
"		108",서울,1961-04-06,5.4,9.6,15:18,2.6,6:35,7
"		108",서울,1961-04-07,9.7,18.4,15:14,1.4,5:24,17
"		108",서울,1961-04-08,8.5,12.8,15:10,2.7,24:00:00,10.1
"		108",서울,1962-04-02,6.9,13,0:02,0.6,24:00:00,12.4
"		108",서울,1962-04-03,-1,1.5,13:05,-3.5,7:24,5
"		108",서울,1962-04-04,1.5,6.3,17:25,-3.8,6:30,10.1
"		108",서울,1962-04-05,7.9,13.8,15:03,1.4,6:00,12.4
"		108",서울,1962-04-06,9.8,13.9,16:50,5.4,5:05,8.5
"		108",서울,1962-04-07,13.3,15.3,12:00,11.8,5:45,3.5
"		108",서울,1962-04-08,11.6,14.9,11:50,8.2,22:00,6.7
"		108",서울,1963-04-02,8.6,14.8,15:07,2,6:46,12.8
"		108",서울,1963-04-03,6.5,9.4,13:47,2.8,5:30,6.6
"		108",서울,1963-04-04,12.5,19.5,16:22,6.9,3:00,12.6
"		108",서울,1963-04-05,14.5,16.4,7:30,9.6,24:00:00,6.8
"		108",서울,1963-04-06,6.6,9.9,1:45,4.4,24:00:00,5.5
"		108",서울,1963-04-07,7.7,12.3,15:03,3.3,6:40,9
"		108",서울,1963-04-08,4.3,5.9,10:05,1.8,6:07,4.1
"		108",서울,1964-04-02,13.7,19.3,16:52,7.2,6:12,12.1
"		108",서울,1964-04-03,15.3,18,14:54,13.8,24:00:00,4.2
"		108",서울,1964-04-04,16.4,22.7,16:38,12.6,2:41,10.1
"		108",서울,1964-04-05,15.5,18.2,17:25,12.4,24:00:00,5.8
"		108",서울,1964-04-06,6.4,12.4,0:00,2.8,21:05,9.6
"		108",서울,1964-04-07,4.5,8.1,12:19,2.4,24:00:00,5.7
"		108",서울,1964-04-08,5.6,9.8,15:18,0.7,5:55,9.1
"		108",서울,1965-04-02,4.1,9.4,14:07,-1.3,6:02,10.7
"		108",서울,1965-04-03,5.7,11.8,15:46,1.6,7:50,10.2
"		108",서울,1965-04-04,5.7,11.6,14:48,2.6,5:40,9
"		108",서울,1965-04-05,6.3,11.2,14:58,0.8,6:32,10.4
"		108",서울,1965-04-06,6.6,13.1,15:16,0.3,6:52,12.8
"		108",서울,1965-04-07,8.2,15.6,15:25,2,6:00,13.6
"		108",서울,1965-04-08,7.7,12.6,14:33,5,24:00:00,7.6
"		108",서울,1966-04-02,8.5,14.8,13:50,2.9,6:30,11.9
"		108",서울,1966-04-03,9.9,15.8,15:39,5.2,24:00:00,10.6
"		108",서울,1966-04-04,6.4,12.8,14:18,3.2,6:35,9.6
"		108",서울,1966-04-05,5.8,12.8,15:40,0.2,6:25,12.6
"		108",서울,1966-04-06,8.6,15.8,14:36,1.6,6:28,14.2
"		108",서울,1966-04-07,9.6,16.8,14:20,5,6:35,11.8
"		108",서울,1966-04-08,9.5,14.8,14:13,6.1,6:45,8.7
"		108",서울,1967-04-02,15,21.2,14:45,8.8,6:56,12.4
"		108",서울,1967-04-03,11.3,17.1,11:49,4.1,23:32,13
"		108",서울,1967-04-04,4.3,8.4,16:11,1.6,6:42,6.8
"		108",서울,1967-04-05,6.7,11.4,14:35,1.1,6:43,10.3
"		108",서울,1967-04-06,8.2,13,15:41,3.6,5:24,9.4
"		108",서울,1967-04-07,12.7,19.5,15:01,4.7,6:28,14.8
"		108",서울,1967-04-08,9,11.8,0:00,7.1,9:00,4.7
"		108",서울,1968-04-02,10.3,17.2,15:38,4,6:22,13.2
"		108",서울,1968-04-03,9.7,15.6,13:30,4.8,6:50,10.8
"		108",서울,1968-04-04,12.1,20.2,15:12,4.4,5:16,15.8
"		108",서울,1968-04-05,8.9,12.6,15:50,5.9,6:47,6.7
"		108",서울,1968-04-06,12.3,19.6,14:50,5.3,4:55,14.3
"		108",서울,1968-04-07,14.5,22.6,14:04,8.7,4:19,13.9
"		108",서울,1968-04-08,11.6,13.4,0:05,10.4,24:00:00,3
"		108",서울,1969-04-02,9,13.7,15:13,4.8,3:30,8.9
"		108",서울,1969-04-03,11.9,18,15:16,8,5:52,10
"		108",서울,1969-04-04,3.1,9.4,0:00,-0.2,8:59,9.6
"		108",서울,1969-04-05,4.4,9.2,14:42,0,6:28,9.2
"		108",서울,1969-04-06,5.6,10.2,14:36,2.8,24:00:00,7.4
"		108",서울,1969-04-07,7.9,14.2,16:07,0.2,6:00,14
"		108",서울,1969-04-08,5.9,8.8,0:00,3.8,24:00:00,5
"		108",서울,1970-04-02,10.3,16.4,15:17,4.8,6:25,11.6
"		108",서울,1970-04-03,11.7,17,15:38,6.2,6:54,10.8
"		108",서울,1970-04-04,8.8,15.2,15:48,5.8,6:35,9.4
"		108",서울,1970-04-05,7.2,13.4,15:07,3.1,6:00,10.3
"		108",서울,1970-04-06,8.9,14.6,12:21,2.2,6:20,12.4
"		108",서울,1970-04-07,7.4,11.6,15:52,4.4,24:00:00,7.2
"		108",서울,1970-04-08,7.6,15.2,15:16,0.8,6:00,14.4
"		108",서울,1971-04-02,5.5,11.4,15:25,2.6,4:25,8.8
"		108",서울,1971-04-03,5.5,10.5,12:59,0.8,6:48,9.7
"		108",서울,1971-04-04,6.7,13.6,15:11,0.6,7:02,13
"		108",서울,1971-04-05,6.3,11,17:00,1.8,7:05,9.2
"		108",서울,1971-04-06,10.9,20,17:15,2.4,7:00,17.6
"		108",서울,1971-04-07,14.5,21.6,15:58,7.8,6:40,13.8
"		108",서울,1971-04-08,8.9,12,0:00,6.6,24:00:00,5.4
"		108",서울,1972-04-02,3.1,9,15:54,-2.4,6:08,11.4
"		108",서울,1972-04-03,6,10.8,12:45,0.9,3:39,9.9
"		108",서울,1972-04-04,10.1,15.3,14:58,6.2,4:30,9.1
"		108",서울,1972-04-05,11.4,18,16:18,4.9,5:59,13.1
"		108",서울,1972-04-06,13.6,20.1,13:54,8.9,2:59,11.2
"		108",서울,1972-04-07,9.7,13.7,14:10,7.1,5:40,6.6
"		108",서울,1972-04-08,9.4,14.4,14:18,5.8,6:40,8.6
"		108",서울,1973-04-02,7.4,13.4,12:34,2.7,6:00,10.7
"		108",서울,1973-04-03,6.5,11.4,14:25,1.8,6:00,9.6
"		108",서울,1973-04-04,6.6,11.9,15:03,3,6:54,8.9
"		108",서울,1973-04-05,6.5,13.2,15:18,0.9,6:53,12.3
"		108",서울,1973-04-06,10,18.5,16:26,1.6,6:20,16.9
"		108",서울,1973-04-07,11.1,13,16:49,8.4,6:26,4.6
"		108",서울,1973-04-08,13.6,16.6,13:48,12.2,0:00,4.4
"		108",서울,1974-04-02,5.2,10.2,13:42,0.8,6:57,9.4
"		108",서울,1974-04-03,8.9,14.6,14:23,3.3,5:45,11.3
"		108",서울,1974-04-04,9.2,13.3,11:50,7.5,24:00:00,5.8
"		108",서울,1974-04-05,9.8,16.8,16:03,5.4,6:00,11.4
"		108",서울,1974-04-06,15.2,23.1,16:18,8.2,6:33,14.9
"		108",서울,1974-04-07,11.3,12.2,0:00,9,24:00:00,3.2
"		108",서울,1974-04-08,11.9,17.5,14:13,7.9,5:42,9.6
"		108",서울,1975-04-02,5.5,11.3,14:55,1.6,6:10,9.7
"		108",서울,1975-04-03,7,13.7,14:48,1.2,6:00,12.5
"		108",서울,1975-04-04,8.8,15.9,14:58,3.4,6:30,12.5
"		108",서울,1975-04-05,7.3,9.5,0:00,5.3,21:00,4.2
"		108",서울,1975-04-06,9.1,14.8,15:43,5.6,6:00,9.2
"		108",서울,1975-04-07,10.6,15.2,16:48,6,5:00,9.2
"		108",서울,1975-04-08,8.5,12.9,16:00,5.4,24:00:00,7.5
"		108",서울,1976-04-02,4.4,8.5,15:02,0.1,7:08,8.4
"		108",서울,1976-04-03,6.5,11.8,13:15,0.3,6:26,11.5
"		108",서울,1976-04-04,7.1,14.4,14:57,1,6:38,13.4
"		108",서울,1976-04-05,7.8,14.8,15:01,2.6,6:52,12.2
"		108",서울,1976-04-06,5.4,7.4,17:51,3.9,5:18,3.5
"		108",서울,1976-04-07,7.7,14.2,14:19,1.6,6:42,12.6
"		108",서울,1976-04-08,9,13.5,15:40,6,6:00,7.5
"		108",서울,1977-04-02,7,12.2,14:03,2.4,5:45,9.8
"		108",서울,1977-04-03,9.6,15.5,14:49,4,6:55,11.5
"		108",서울,1977-04-04,11.4,20.2,15:28,3,6:14,17.2
"		108",서울,1977-04-05,14.1,21.5,14:24,7.1,6:25,14.4
"		108",서울,1977-04-06,9.8,12.6,0:13,6.8,24:00:00,5.8
"		108",서울,1977-04-07,10.8,16.9,14:11,5.3,6:31,11.6
"		108",서울,1977-04-08,10.8,13.8,14:53,7.4,7:05,6.4
"		108",서울,1978-04-02,5.6,10.8,11:12,3.4,24:00:00,7.4
"		108",서울,1978-04-03,6,11.9,15:30,0.4,6:50,11.5
"		108",서울,1978-04-04,7.8,14.3,15:03,2.2,6:00,12.1
"		108",서울,1978-04-05,10.2,15.2,15:02,6.4,6:12,8.8
"		108",서울,1978-04-06,7.8,11.5,14:30,3.9,6:12,7.6
"		108",서울,1978-04-07,9.1,14.6,16:05,4.4,6:10,10.2
"		108",서울,1978-04-08,11.6,17.4,14:54,5.2,6:25,12.2
"		108",서울,1979-04-02,6.9,8.6,0:00,4.6,24:00:00,4
"		108",서울,1979-04-03,4.4,8.3,16:17,2.4,7:40,5.9
"		108",서울,1979-04-04,6.2,12.2,15:33,0.4,7:10,11.8
"		108",서울,1979-04-05,9.4,16.4,11:31,2.8,4:40,13.6
"		108",서울,1979-04-06,13,19.8,14:57,6.1,5:52,13.7
"		108",서울,1979-04-07,11.9,14.2,0:00,9.9,13:40,4.3
"		108",서울,1979-04-08,8.9,12.9,2:34,7.2,12:00,5.7
"		108",서울,1980-04-02,6.5,12.9,16:13,1.4,6:10,11.5
"		108",서울,1980-04-03,11.1,18.4,14:36,4.1,5:55,14.3
"		108",서울,1980-04-04,15.5,21,14:57,8.6,5:35,12.4
"		108",서울,1980-04-05,15.4,18.2,0:28,12.5,24:00:00,5.7
"		108",서울,1980-04-06,7.1,12.5,0:00,4.3,11:15,8.2
"		108",서울,1980-04-07,8.5,13.3,17:02,4.7,5:38,8.6
"		108",서울,1980-04-08,10.8,15.2,14:31,8.4,7:20,6.8
"		108",서울,1981-04-02,7.1,12.9,14:48,3.6,5:00,9.3
"		108",서울,1981-04-03,6,10.4,11:58,1.7,6:54,8.7
"		108",서울,1981-04-04,9.1,16.8,16:12,3.9,6:58,12.9
"		108",서울,1981-04-05,8.9,10.4,13:48,6.8,24:00:00,3.6
"		108",서울,1981-04-06,9.9,17.4,15:27,4.7,7:55,12.7
"		108",서울,1981-04-07,14.3,23.2,14:41,5.8,4:46,17.4
"		108",서울,1981-04-08,17.7,23.9,15:29,11.9,6:18,12
"		108",서울,1982-04-02,9.8,11.2,11:30,8.3,7:00,2.9
"		108",서울,1982-04-03,10.7,15.2,17:02,6.9,7:05,8.3
"		108",서울,1982-04-04,10.8,15.8,15:18,5.5,6:33,10.3
"		108",서울,1982-04-05,10.4,17.7,15:10,5,6:31,12.7
"		108",서울,1982-04-06,11,18.1,13:51,4.6,6:50,13.5
"		108",서울,1982-04-07,11.5,19.7,15:33,5.4,7:00,14.3
"		108",서울,1982-04-08,9.1,13,13:06,5.6,24:00:00,7.4
"		108",서울,1983-04-02,6.3,9.3,12:37,2.5,24:00:00,6.8
"		108",서울,1983-04-03,3.2,5.5,11:40,0.8,7:12,4.7
"		108",서울,1983-04-04,6,11,15:12,1.1,5:20,9.9
"		108",서울,1983-04-05,11.5,17,16:22,5.4,4:48,11.6
"		108",서울,1983-04-06,15.2,22,15:07,7.8,5:20,14.2
"		108",서울,1983-04-07,15.3,21.6,14:45,10.6,6:20,11
"		108",서울,1983-04-08,15.9,23.5,15:37,9,6:39,14.5
"		108",서울,1984-04-02,7.9,12.9,14:54,3.6,6:35,9.3
"		108",서울,1984-04-03,12.2,20.3,15:55,6.2,6:45,14.1
"		108",서울,1984-04-04,14.8,20.2,15:21,10.1,2:35,10.1
"		108",서울,1984-04-05,8.9,13.6,0:00,2.4,24:00:00,11.2
"		108",서울,1984-04-06,3.7,8.4,14:30,0.1,6:23,8.3
"		108",서울,1984-04-07,6,13.5,14:47,0.4,6:41,13.1
"		108",서울,1984-04-08,10.2,16.9,14:52,2.5,6:00,14.4
"		108",서울,1985-04-02,8.5,14.5,14:52,2.9,7:00,11.6
"		108",서울,1985-04-03,7.9,9.3,0:35,5.9,24:00:00,3.4
"		108",서울,1985-04-04,4.4,7.4,16:30,2.7,6:00,4.7
"		108",서울,1985-04-05,7,14.8,14:19,2.2,6:30,12.6
"		108",서울,1985-04-06,9,15.2,15:09,3.1,5:47,12.1
"		108",서울,1985-04-07,12,19.3,14:36,5.4,6:45,13.9
"		108",서울,1985-04-08,12.4,20.1,14:57,6.7,6:40,13.4
"		108",서울,1986-04-02,10.6,17.8,14:53,5.1,6:50,12.7
"		108",서울,1986-04-03,11.5,17.4,15:54,6.6,6:20,10.8
"		108",서울,1986-04-04,10.6,17.6,13:12,7,6:35,10.6
"		108",서울,1986-04-05,9.1,14.4,12:25,5.3,6:50,9.1
"		108",서울,1986-04-06,7.3,11.4,14:19,4.5,7:00,6.9
"		108",서울,1986-04-07,7.6,13.6,16:13,1.6,6:24,12
"		108",서울,1986-04-08,10.3,17.9,13:52,3.7,5:52,14.2
"		108",서울,1987-04-02,5.2,10.5,15:14,2.1,6:54,8.4
"		108",서울,1987-04-03,5.1,6.8,12:05,2.9,0:00,3.9
"		108",서울,1987-04-04,10,18,16:52,3.6,4:00,14.4
"		108",서울,1987-04-05,15.9,24.7,15:37,7.1,6:26,17.6
"		108",서울,1987-04-06,12.8,16.4,0:00,10.4,15:55,6
"		108",서울,1987-04-07,11.1,15.8,17:12,7.6,6:00,8.2
"		108",서울,1987-04-08,14.7,22,15:20,8.2,2:55,13.8
"		108",서울,1988-04-02,10.7,18.6,16:59,4.6,6:32,14
"		108",서울,1988-04-03,11.3,16.3,15:05,6.4,6:25,9.9
"		108",서울,1988-04-04,12.4,19.6,14:12,6.6,5:30,13
"		108",서울,1988-04-05,7.8,9.9,14:23,5.9,24:00:00,4
"		108",서울,1988-04-06,9,14.3,15:04,3.2,5:40,11.1
"		108",서울,1988-04-07,9.2,15.3,15:52,5.6,6:30,9.7
"		108",서울,1988-04-08,8.8,12.5,14:37,5.9,24:00:00,6.6
"		108",서울,1989-04-02,10.1,17.4,13:57,3.7,6:35,13.7
"		108",서울,1989-04-03,11.7,17.9,16:37,4.9,6:50,13
"		108",서울,1989-04-04,13.1,19.5,15:29,6.2,5:51,13.3
"		108",서울,1989-04-05,13.1,19.6,14:50,7,6:50,12.6
"		108",서울,1989-04-06,14.1,22.6,14:28,6.4,6:35,16.2
"		108",서울,1989-04-07,12.7,18.7,13:29,8.5,6:30,10.2
"		108",서울,1989-04-08,14,20.1,15:53,8.2,6:35,11.9
"		108",서울,1990-04-02,10.7,18.4,17:07,5.2,5:35,13.2
"		108",서울,1990-04-03,7.8,11,11:56,3.4,24:00:00,7.6
"		108",서울,1990-04-04,5.2,9.6,13:58,1.6,7:10,8
"		108",서울,1990-04-05,7.5,12.5,14:50,2.3,5:55,10.2
"		108",서울,1990-04-06,10.2,15,14:33,4.3,6:36,10.7
"		108",서울,1990-04-07,8.3,9.8,14:50,5.5,24:00:00,4.3
"		108",서울,1990-04-08,9,13.1,13:38,5.2,0:39,7.9
"		108",서울,1991-04-02,5.7,11.2,13:40,0,6:52,11.2
"		108",서울,1991-04-03,8,13.9,13:54,4.8,3:10,9.1
"		108",서울,1991-04-04,8.8,15,15:01,2.8,6:53,12.2
"		108",서울,1991-04-05,9.5,15.8,15:30,2.6,6:40,13.2
"		108",서울,1991-04-06,13.3,19.5,14:11,6.8,7:12,12.7
"		108",서울,1991-04-07,16.2,24.1,16:09,9.8,6:34,14.3
"		108",서울,1991-04-08,15.2,22.7,15:10,9.2,6:44,13.5
"		108",서울,1992-04-02,11.7,18.3,15:37,7.7,2:55,10.6
"		108",서울,1992-04-03,14.1,20.4,13:46,6.8,5:58,13.6
"		108",서울,1992-04-04,15.6,22,15:08,10,6:50,12
"		108",서울,1992-04-05,14.8,21.5,14:29,9,6:50,12.5
"		108",서울,1992-04-06,14.1,21.6,14:44,8.7,24:00:00,12.9
"		108",서울,1992-04-07,13.5,20.2,15:10,7.2,6:30,13
"		108",서울,1992-04-08,12.8,16.7,14:09,8.6,6:50,8.1
"		108",서울,1993-04-02,10.2,17.4,15:53,4.8,5:22,12.6
"		108",서울,1993-04-03,11.1,15.8,14:25,6.7,6:54,9.1
"		108",서울,1993-04-04,8.9,12.1,16:15,6.1,24:00:00,6
"		108",서울,1993-04-05,8.4,14.3,14:31,2.6,6:37,11.7
"		108",서울,1993-04-06,7.7,12.7,13:23,3.8,6:18,8.9
"		108",서울,1993-04-07,4.3,6.7,15:44,1,24:00:00,5.7
"		108",서울,1993-04-08,3.1,6.2,12:27,0.4,6:13,5.8
"		108",서울,1994-04-02,10.1,14.6,15:21,6.7,6:09,7.9
"		108",서울,1994-04-03,13.1,21.4,15:37,7.4,7:40,14
"		108",서울,1994-04-04,15.3,21.3,14:25,10,6:44,11.3
"		108",서울,1994-04-05,18.1,27.4,15:47,8.8,6:38,18.6
"		108",서울,1994-04-06,19.8,28.9,13:56,13.1,6:36,15.8
"		108",서울,1994-04-07,19.3,26.4,15:28,10.8,24:00:00,15.6
"		108",서울,1994-04-08,10.2,13.4,17:20,8.5,24:00:00,4.9
"		108",서울,1995-04-02,3.8,8,14:37,-0.4,6:57,8.4
"		108",서울,1995-04-03,5.6,10.6,14:43,0.5,6:09,10.1
"		108",서울,1995-04-04,7.4,13.1,15:39,1.5,6:36,11.6
"		108",서울,1995-04-05,8.3,13.6,15:20,4.7,2:30,8.9
"		108",서울,1995-04-06,6.9,12.2,17:00,4.7,2:32,7.5
"		108",서울,1995-04-07,10.4,16.5,15:01,4.4,6:58,12.1
"		108",서울,1995-04-08,14,18.8,14:53,10.8,0:44,8
"		108",서울,1996-04-02,3.3,7.7,15:11,-0.9,6:30,8.6
"		108",서울,1996-04-03,3.9,8.6,15:06,0.1,6:00,8.5
"		108",서울,1996-04-04,5.4,10.9,15:01,0.3,5:31,10.6
"		108",서울,1996-04-05,8.5,15,14:33,4.1,5:25,10.9
"		108",서울,1996-04-06,6.8,11.1,11:37,5.2,4:33,5.9
"		108",서울,1996-04-07,8.3,12.1,14:43,6,23:40,6.1
"		108",서울,1996-04-08,9.3,15.8,16:10,3.3,6:40,12.5
"		108",서울,1997-04-02,9.9,12.6,17:07,8.2,5:00,4.4
"		108",서울,1997-04-03,13,17.6,16:48,8.4,6:50,9.2
"		108",서울,1997-04-04,11.2,13.1,13:43,9.7,7:00,3.4
"		108",서울,1997-04-05,11.6,14.4,16:30,10,6:42,4.4
"		108",서울,1997-04-06,9.2,10.8,1:40,7.8,7:27,3
"		108",서울,1997-04-07,11.6,18.4,15:57,6.4,6:59,12
"		108",서울,1997-04-08,11.8,16.9,15:15,8.5,6:00,8.4
"		108",서울,1998-04-02,6.4,11.8,14:02,1.9,6:57,9.9
"		108",서울,1998-04-03,8,13.6,15:20,2.9,7:05,10.7
"		108",서울,1998-04-04,10.5,17,15:50,3.2,6:42,13.8
"		108",서울,1998-04-05,11.1,13.1,13:50,8.2,6:15,4.9
"		108",서울,1998-04-06,17.7,25.1,16:00,11,6:02,14.1
"		108",서울,1998-04-07,16.4,21.3,13:28,11.3,6:49,10
"		108",서울,1998-04-08,16.4,20.6,15:06,12.8,7:04,7.8
"		108",서울,1999-04-02,9,13.6,17:03,5,24:00:00,8.6
"		108",서울,1999-04-03,7,11.2,14:20,2.3,6:30,8.9
"		108",서울,1999-04-04,8.3,13.8,14:03,1.8,6:33,12
"		108",서울,1999-04-05,10.5,17.2,14:58,6.6,6:30,10.6
"		108",서울,1999-04-06,7.7,12.6,13:30,3.7,24:00:00,8.9
"		108",서울,1999-04-07,8,13.6,15:28,1.6,5:07,12
"		108",서울,1999-04-08,11.7,17.4,14:54,5.6,6:47,11.8
"		108",서울,2000-04-02,12.1,16.9,15:11,7.3,3:55,9.6
"		108",서울,2000-04-03,13.4,19,14:50,7.6,6:30,11.4
"		108",서울,2000-04-04,14,20.4,13:35,9.1,5:38,11.3
"		108",서울,2000-04-05,9.6,13.3,15:23,6.1,24:00:00,7.2
"		108",서울,2000-04-06,8.6,14,14:45,3.4,6:23,10.6
"		108",서울,2000-04-07,8.9,12.6,13:56,5.8,1:42,6.8
"		108",서울,2000-04-08,9.6,17,15:30,4.1,6:08,12.9
"		108",서울,2001-04-02,7,8.8,13:12,4.9,2:33,3.9
"		108",서울,2001-04-03,8.9,15,15:34,2.1,6:12,12.9
"		108",서울,2001-04-04,10.4,16.6,13:17,5,6:23,11.6
"		108",서울,2001-04-05,9.4,14.2,13:15,5,6:51,9.2
"		108",서울,2001-04-06,12.1,17.5,15:34,6.8,3:14,10.7
"		108",서울,2001-04-07,13.6,16.7,16:29,10.6,1:03,6.1
"		108",서울,2001-04-08,16.3,21.5,13:00,10.2,4:03,11.3
"		108",서울,2002-04-02,15.5,22.6,15:19,8.5,5:22,14.1
"		108",서울,2002-04-03,15.1,20.8,15:27,10.4,6:41,10.4
"		108",서울,2002-04-04,15,21.8,14:04,8.3,6:26,13.5
"		108",서울,2002-04-05,17.7,25.2,15:20,10.6,4:37,14.6
"		108",서울,2002-04-06,11.1,13.6,12:48,9.5,20:51,4.1
"		108",서울,2002-04-07,8.9,10.9,12:59,7.9,5:50,3
"		108",서울,2002-04-08,8.3,12.4,13:11,5.1,23:49,7.3
"		108",서울,2003-04-02,14.9,21,15:17,10.2,6:46,10.8
"		108",서울,2003-04-03,13.9,19.8,13:47,8.6,6:46,11.2
"		108",서울,2003-04-04,14.2,19.3,13:53,10.3,7:11,9
"		108",서울,2003-04-05,12,17.7,13:46,7.6,6:41,10.1
"		108",서울,2003-04-06,12,18.3,14:25,7,6:53,11.3
"		108",서울,2003-04-07,11,17.1,12:36,7.4,22:26,9.7
"		108",서울,2003-04-08,10.1,14.4,15:08,7.6,0:00,6.8
"		108",서울,2004-04-02,5.6,7.5,14:52,4.5,5:35,3
"		108",서울,2004-04-03,6.4,9.6,14:34,2.7,6:11,6.9
"		108",서울,2004-04-04,7.6,13,15:20,2.7,6:32,10.3
"		108",서울,2004-04-05,9.1,14.6,15:54,4.5,6:53,10.1
"		108",서울,2004-04-06,7.9,10.8,12:14,5.5,3:05,5.3
"		108",서울,2004-04-07,10.3,15.1,14:06,7.4,6:03,7.7
"		108",서울,2004-04-08,10.5,15.8,14:28,4.8,6:40,11
"		108",서울,2005-04-02,10.4,15.8,13:10,6.5,5:27,9.3
"		108",서울,2005-04-03,8.6,14.5,15:56,5.6,8:24,8.9
"		108",서울,2005-04-04,9.3,14.3,16:15,4.1,6:46,10.2
"		108",서울,2005-04-05,13.3,19,16:20,7.3,5:58,11.7
"		108",서울,2005-04-06,13.8,17.7,14:03,9.6,4:19,8.1
"		108",서울,2005-04-07,12.9,16.1,16:14,10.5,23:23,5.6
"		108",서울,2005-04-08,14.9,22.5,16:22,7.5,6:15,15
"		108",서울,2006-04-02,7.4,11.1,16:35,5.3,6:17,5.8
"		108",서울,2006-04-03,11.4,18.7,15:43,4.3,5:20,14.4
"		108",서울,2006-04-04,12,14.5,16:52,10.8,2:21,3.7
"		108",서울,2006-04-05,11.6,17.5,15:10,7.3,6:31,10.2
"		108",서울,2006-04-06,9.7,13,15:31,5.6,4:27,7.4
"		108",서울,2006-04-07,10.2,13.3,14:23,7.9,23:41,5.4
"		108",서울,2006-04-08,10.2,14.1,15:03,6.6,6:44,7.5
"		108",서울,2007-04-02,5.6,8.8,13:21,3.2,6:47,5.6
"		108",서울,2007-04-03,5.5,9.1,16:03,1.6,5:48,7.5
"		108",서울,2007-04-04,6.3,11.1,15:20,2,6:36,9.1
"		108",서울,2007-04-05,8.3,13.6,14:34,2.5,6:13,11.1
"		108",서울,2007-04-06,9.5,14.6,15:30,6.5,5:48,8.1
"		108",서울,2007-04-07,9.3,13.8,14:34,6.3,4:58,7.5
"		108",서울,2007-04-08,9.5,14.6,17:03,6,6:51,8.6
"		108",서울,2008-04-02,7.6,10.2,16:29,6.2,8:36,4
"		108",서울,2008-04-03,8.7,13.2,12:51,4.6,6:15,8.6
"		108",서울,2008-04-04,10.1,16.5,15:38,3.8,6:29,12.7
"		108",서울,2008-04-05,12.9,19.1,14:30,7.4,6:22,11.7
"		108",서울,2008-04-06,14.8,22.6,15:12,8.6,6:27,14
"		108",서울,2008-04-07,13.2,18.6,15:52,9.8,0:00,8.8
"		108",서울,2008-04-08,16.4,23.9,15:51,9.3,6:20,14.6
"		108",서울,2009-04-02,7.6,14.2,15:50,2.6,6:06,11.6
"		108",서울,2009-04-03,8.2,12.8,14:55,5.3,5:25,7.5
"		108",서울,2009-04-04,8.7,12.7,13:28,6,6:01,6.7
"		108",서울,2009-04-05,9.8,15.8,15:20,5.7,4:57,10.1
"		108",서울,2009-04-06,10.9,17,15:27,5.4,5:58,11.6
"		108",서울,2009-04-07,14.1,21.3,15:45,7.8,5:19,13.5
"		108",서울,2009-04-08,16.2,23.9,14:56,9.8,5:28,14.1
"		108",서울,2010-04-02,5.5,10.3,15:59,1.3,6:06,9
"		108",서울,2010-04-03,5,9.5,15:56,1.1,6:03,8.4
"		108",서울,2010-04-04,7.7,14.5,13:04,2.3,2:45,12.2
"		108",서울,2010-04-05,10.4,14.8,17:04,4.8,5:11,10
"		108",서울,2010-04-06,8.5,11.7,14:48,4.8,23:46,6.9
"		108",서울,2010-04-07,7.3,12.6,15:33,2.3,5:37,10.3
"		108",서울,2010-04-08,9.1,15.5,13:48,3.3,5:53,12.2
"		108",서울,2011-04-02,8.9,12.8,14:08,5.3,5:23,7.5
"		108",서울,2011-04-03,9.6,15.5,15:15,4.9,6:16,10.6
"		108",서울,2011-04-04,10.1,16.7,14:48,4.5,6:29,12.2
"		108",서울,2011-04-05,10.7,17.1,13:50,5.1,6:21,12
"		108",서울,2011-04-06,10.6,16.6,14:10,5.2,6:26,11.4
"		108",서울,2011-04-07,9.6,10.7,13:19,8.5,4:51,2.2
"		108",서울,2011-04-08,11.4,17.3,15:21,7.4,6:26,9.9
"		108",서울,2012-04-02,8.3,14.1,13:33,3.5,0:01,10.6
"		108",서울,2012-04-03,4.9,9.4,0:41,1.1,9:03,8.3
"		108",서울,2012-04-04,7.2,12.8,13:31,2.2,2:03,10.6
"		108",서울,2012-04-05,6.7,12.2,13:34,3.1,5:32,9.1
"		108",서울,2012-04-06,5.4,9.6,14:10,2.6,23:56,7
"		108",서울,2012-04-07,5.9,12.4,16:15,0.6,5:29,11.8
"		108",서울,2012-04-08,11.3,17.6,14:59,4.6,3:28,13
"		108",서울,2013-04-02,7.2,9.5,0:01,5.8,23:50,3.7
"		108",서울,2013-04-03,7.9,14.1,15:45,3.9,5:58,10.2
"		108",서울,2013-04-04,12.6,19.8,16:09,5.6,5:37,14.2
"		108",서울,2013-04-05,14.6,19.9,14:31,10.1,6:03,9.8
"		108",서울,2013-04-06,7.5,13,0:01,2.5,23:55,10.5
"		108",서울,2013-04-07,5.1,9.6,16:22,2,7:05,7.6
"		108",서울,2013-04-08,8,13.8,14:22,2.5,6:03,11.3
"		108",서울,2014-04-02,15.5,21.9,15:26,9.9,6:35,12
"		108",서울,2014-04-03,10.2,13.6,13:54,5.5,23:06,8.1
"		108",서울,2014-04-04,6.6,11.7,14:28,2.3,6:06,9.4
"		108",서울,2014-04-05,6.2,11,11:55,3.5,4:53,7.5
"		108",서울,2014-04-06,7.4,12.8,14:58,2.3,6:21,10.5
"		108",서울,2014-04-07,10.3,16.7,15:03,4.9,5:55,11.8
"		108",서울,2014-04-08,11.9,19.7,15:11,5.7,6:08,14
"		108",서울,2015-04-02,14.8,21.8,13:56,8.5,3:06,13.3
"		108",서울,2015-04-03,10.6,15.1,0:01,6.9,7:18,8.2
"		108",서울,2015-04-04,13.5,18.5,14:52,8.9,6:20,9.6
"		108",서울,2015-04-05,10.5,12.2,0:01,10.1,11:56,2.1
"		108",서울,2015-04-06,10.3,15.4,14:12,6.9,23:51,8.5
"		108",서울,2015-04-07,8.4,12.2,10:18,5.5,5:21,6.7
"		108",서울,2015-04-08,8.3,13.7,16:12,3.5,6:14,10.2
"		108",서울,2016-04-02,15,21.7,15:03,9.6,6:42,12.1
"		108",서울,2016-04-03,10.7,12.7,14:37,8.2,23:55,4.5
"		108",서울,2016-04-04,12.3,19.8,14:31,5.1,6:25,14.7
"		108",서울,2016-04-05,11.4,18.1,13:46,5.9,6:50,12.2
"		108",서울,2016-04-06,14.4,22.9,16:21,6.6,4:18,16.3
"		108",서울,2016-04-07,14.1,20.6,14:12,10.5,3:00,10.1
"		108",서울,2016-04-08,11.1,18.7,13:23,7.8,23:49,10.9
"		108",서울,2017-04-02,9,15.8,15:12,3.1,5:34,12.7
"		108",서울,2017-04-03,11.4,19.2,15:14,4.3,6:30,14.9
"		108",서울,2017-04-04,14.1,21.8,14:13,6.7,6:33,15.1
"		108",서울,2017-04-05,12,14.2,12:10,10.8,16:35,3.4
"		108",서울,2017-04-06,10.4,12.4,0:01,9.4,8:35,3
"		108",서울,2017-04-07,14.5,23.5,15:39,9,3:23,14.5
"		108",서울,2017-04-08,13,19.9,15:46,8.6,6:47,11.3
"		108",서울,2018-04-02,18.4,23.7,14:59,14.9,5:48,8.8
"		108",서울,2018-04-03,17.8,21.2,14:09,14.9,23:02,6.3
"		108",서울,2018-04-04,13.4,18.2,14:30,9.5,23:56,8.7
"		108",서울,2018-04-05,7.6,9.5,0:01,6.7,7:51,2.8
"		108",서울,2018-04-06,5.8,8.6,10:22,3,24:00:00,5.6
"		108",서울,2018-04-07,4.2,8.6,13:41,1.4,2:24,7.2
"		108",서울,2018-04-08,3.9,7.9,13:53,0.6,6:38,7.3
"		108",서울,2019-04-02,6.7,13,16:11,1.3,5:38,11.7
"		108",서울,2019-04-03,7.6,13.6,14:46,1.9,6:04,11.7
"		108",서울,2019-04-04,9.2,15.7,15:11,3,5:35,12.7
"		108",서울,2019-04-05,11.4,17.2,15:21,7,3:05,10.2
"		108",서울,2019-04-06,9.3,12.2,12:34,5.9,5:41,6.3
"		108",서울,2019-04-07,12.6,20.3,15:05,5.6,6:50,14.7
"		108",서울,2019-04-08,11.6,17.2,16:11,7.6,6:40,9.6
"		108",서울,2020-04-02,9.3,15.5,13:15,3.4,6:13,12.1
"		108",서울,2020-04-03,10,16.3,14:34,5.3,5:04,11
"		108",서울,2020-04-04,8.9,13.3,15:05,5,23:58,8.3
"		108",서울,2020-04-05,7.2,13.7,15:16,1.9,6:05,11.8
"		108",서울,2020-04-06,9.3,16.1,13:48,2.9,6:01,13.2
"		108",서울,2020-04-07,10.6,16.8,14:16,6,4:30,10.8
"		108",서울,2020-04-08,9.4,14.2,15:57,5.2,4:57,9
"		108",서울,2021-04-02,17.8,23,15:06,12.5,4:08,10.5
"		108",서울,2021-04-03,14.9,18,0:01,10.9,23:53,7.1
"		108",서울,2021-04-04,11.9,15.8,13:37,9,24:00:00,6.8
"		108",서울,2021-04-05,11.9,19.3,16:14,5.4,6:29,13.9
"		108",서울,2021-04-06,13.9,19.2,13:43,9.4,5:10,9.8
"		108",서울,2021-04-07,14.1,20.4,13:35,8.1,6:07,12.3
"		108",서울,2021-04-08,13,18,15:16,7.2,6:16,10.8
"		108",서울,2022-04-02,8.2,14.2,14:44,3.7,6:18,10.5
"		108",서울,2022-04-03,9.6,17,15:27,3.5,6:29,13.5
"		108",서울,2022-04-04,10.3,16.4,13:28,5.1,6:38,11.3
"		108",서울,2022-04-05,10.3,15.8,14:09,4.9,6:15,10.9
"		108",서울,2022-04-06,11.7,17,14:31,8,6:00,9
"		108",서울,2022-04-07,10.9,15.7,13:10,7.4,23:59,8.3
"		108",서울,2022-04-08,12.9,20,15:21,5.1,6:12,14.9
"		",,,,,,,,
"	",,,,,,,,
"	",,,,,,,,
"	",,,,,,,,
"	",,,,,,,,
"		",,,,,,,,
"	",,,,,,,,
"	",,,,,,,,
